NO! NO! NO! Common misconceptions,remaining text,word count,Google hits,lot of noise (i.e. myth busting) in search result,Google search,category,Source Name,source,source,source,source,source
A Fatwa is an Islamic death sentence,Fatwā means 'non-binding legal opinion'.,5,"233,000","fatwa ""death sentence""",,religion,BMJ,http://www.ncbi.nlm.nih.gov/pmc/articles/PMC1124693/?tool=pmcentrez,,,,
A gene for...,"Genes code for proteins, so there are actually no genes ‘for’ specific characeristics, esp. not psychological ones. ",17,"375,000,000",,https://www.google.com/?gfe_rd=cr&ei=YP8cVreSItKs8wfKyISQDQ#q=a+gene+for,science,Science and Education,http://link.springer.com/article/10.1007%2Fs11191-012-9510-4,,,,
"A Jihad is a ""holy war""","It actually translates as ""struggle"".",5,"1,870,000","jihad is ""holy war""",,religion,"War and Peace in the Law of Islam, by Majid Khadduri ",http://books.google.co.uk/books?id=UHWd6gLZsFIC&lpg=PP1&pg=PA74&redir_esc=y#v=onepage&q&f=false,http://www.kuna.net.kw/ArticleDetails.aspx?id=1719934&language=en,,,
Adding salt to water makes it boil more quickly,Adding a sprinkle of salt to fresh water makes only a negligible difference to boiling time,16,"11,300,000",,https://www.google.com/search?q=salt+make+water+boil&oq=salt+make+water+boil&sourceid=chrome&ie=UTF-8,cooking,Southwest Research Institute,http://www.swri.org/10light/water.htm,,,,
Alcohol keeps you warm,Alcohol dilates warm blood vessels near the skin creating the impression of warmth but it can actually drop core body temperature.,21,"18,100","y,  ""alcohol keeps you warm""",https://www.google.co.uk/search?hl=en&safe=off&tbo=d&biw=1375&bih=700&q=%22alcohol+keeps+you+warm%22&oq=%22alcohol+keeps+you+warm%22&gs_l=serp.12..0j0i30j0i5i30l4.82885.85365.0.86988.2.2.0.0.0.0.109.191.1j1.2.0.les%3B..0.0...1c.1.XnnEwgxqZak,health,"Middlesboro Daily News, About.com","http://news.google.com/newspapers?id=kG5BAAAAIBAJ&sjid=QKkMAAAAIBAJ&pg=5953,3984482",http://firstaid.about.com/od/heatcoldexposur1/f/07_alcohol_warm.htm,,,
Alcohol kills brain cells,Only in heavy users and alcoholics who rely on alcohol to get most of their calories.,16,"393,000","""alcohol kills brain cells""",https://www.google.co.uk/search?hl=en&safe=off&tbo=d&biw=1375&bih=700&q=%22alcohol+kills+brain+cells%22&oq=%22alcohol+kills+brain+cells%22&gs_l=serp.3..0l3j0i30l7.44026.47624.0.48853.16.16.0.0.0.1.294.1483.14j1j1.16.0.les%3B..0.0...1c.1.N6P3WA2B5tc,health,"Alcoholism: Clinical and Experimental Research, Alcohol & Alcoholism",http://onlinelibrary.wiley.com/doi/10.1111/j.1530-0277.1993.tb00720.x/abstract,http://alcalc.oxfordjournals.org/content/44/2/148,,,
An “Autism Epidemic”,"There’s only been an increase in diagnoses of autism, caused by heightened awareness of the ailment, not incidence.",18,"1,130,000",,https://www.google.com/?gfe_rd=cr&ei=YP8cVreSItKs8wfKyISQDQ&gws_rd=cr#q=autism+epidemic,body,Psychological Medicine,http://www.ncbi.nlm.nih.gov/pubmed?Db=pubmed&Cmd=ShowDetailView&TermToSearch=25108395,,,,
Antioxidants are good for us,"Antioxidants don’t do anything for our health, might actually be harmful. Research shows they have no effect on free-radicals in the body, don’t prevent ageing.",25,"30,700,000",,https://www.google.co.uk/webhp?sourceid=chrome-instant&ion=1&espv=2&ie=UTF-8#q=antioxidants,science,Nature,http://www.nature.com/news/the-science-myths-that-will-not-die-1.19022#/b1,,,,
Apple Macs can't get viruses,Yes they can - just less frequently than Windows computers,10,,apple macs can't get viruses,,computing,"Switched, Betanews",http://www.switched.com/2009/09/01/apple-quietly-admits-macs-get-viruses/,http://betanews.com/2009/08/28/macs-don-t-get-viruses-myth-dissolves-before-public-s-eyes/,,,
Bananas grow on trees.,Nope. Bananas actually grow on massive herbs which resemble trees.,10,"55,600",y,"https://www.google.co.uk/search?q=%22pilgrims%22+wore+all+black&hl=en&tbo=d&source=lnms&sa=X&ei=283zUMiULcel0AXMg4DYCw&ved=0CAkQ_AUoAA&biw=1375&bih=700#hl=en&tbo=d&sclient=psy-ab&q=%22horse+flies%22+live+for+%2224+hours%22&oq=%22horse+flies%22+live+for+%2224+hours%22&gs_l=serp.3...24217.26713.95.27268.2.2.0.0.0.0.83.162.2.2.0.les%3B..0.0...1c.1.noQl4nmIIH8&pbx=1&bav=on.2,or.r_gc.r_pw.r_cp.r_qf.&bvm=bv.1357700187,d.d2k&fp=5d9affffb17376ff&biw=1375&bih=700",nature,"Oxford Dictionaries, Morton, J. 1987. Banana. p. 29–46. In: Fruits of warm climates. Julia F. Morton, Miami, FL.
",http://oxforddictionaries.com/words/is-a-banana-a-fruit-or-a-herb,http://www.hort.purdue.edu/newcrop/morton/banana.html,,,
Bats are blind.,No. They can see AND use echolocation. Awesome!,8,"81,000",y,"https://www.google.co.uk/search?q=%22pilgrims%22+wore+all+black&hl=en&tbo=d&source=lnms&sa=X&ei=283zUMiULcel0AXMg4DYCw&ved=0CAkQ_AUoAA&biw=1375&bih=700#hl=en&tbo=d&sclient=psy-ab&q=%22bats+are+blind%22&oq=%22bats+are+blind%22&gs_l=serp.3..0l3j0i30.69228.74012.98.76271.14.14.0.0.0.1.332.1742.9j3j1j1.14.0.les%3B..0.0...1c.1.Aaf8WMh0egg&pbx=1&bav=on.2,or.r_gc.r_pw.r_cp.r_qf.&bvm=bv.1357700187,d.d2k&fp=5d9affffb17376ff&biw=1375&bih=700",Nature,US Fish and Wildlife,http://web.archive.org/web/20080519095139/http://www.fws.gov/endangered/bats/miscon.htm,,,,
Black belts are masters,"Introduced only in 1880, in Judo, to show competency of basic techniques. ",12,"8,030,000","Black belts are masters -""six sigma""",,sport,,,,,,
Black holes absorb everything,Not really 'holes' but hugely dense objects with massive gravitational pull. ,11,"303,000",,"https://www.google.co.uk/search?q=%22pilgrims%22+wore+all+black&hl=en&tbo=d&source=lnms&sa=X&ei=283zUMiULcel0AXMg4DYCw&ved=0CAkQ_AUoAA&biw=1375&bih=700#hl=en&tbo=d&sclient=psy-ab&q=%22Black+holes%22+absorb+everything&oq=%22Black+holes%22+absorb+everything&gs_l=serp.3...47128.59859.45.60581.28.28.0.0.0.8.1042.8452.1j14j5j4j6-3j1.28.0.les%3B..0.0...1c.1.NfriyffsO-8&pbx=1&bav=on.2,or.r_gc.r_pw.r_cp.r_qf.&bvm=bv.1357700187,d.d2k&fp=5d9affffb17376ff&biw=1375&bih=656",Science,NASA,http://imagine.gsfc.nasa.gov/docs/science/know_l2/black_holes.html,,,,
,Correction: a black hole *is* a hole in the metric of space time from which light cannot escape. But it is not a portal to another dimension. Thanks to Martin Vermeer.,31,,,,,,,,,,
Blood is blue under the skin,"Blood is always red, misconception is based on diagrams showing the difference between veins and arteries and human colour perception.",20,"84,800",y,"https://www.google.co.uk/webhp?source=search_app#hl=en&tbo=d&sclient=psy-ab&q=%22blood+is+blue%22+inside+the+body&oq=%22blood+is+blue%22+inside+the+body&gs_l=hp.3..0i7j0i5i30j0i8i30l2.4134.4639.7.4970.4.4.0.0.0.1.123.419.2j2.4.0.les%3B..0.0...1c.1.x5jEcqmu63A&pbx=1&bav=on.2,or.r_gc.r_pw.r_cp.r_qf.&bvm=bv.1357700187,d.d2k&fp=5d9affffb17376ff&biw=1375&bih=700",science,"Applied Optics, Michigan State University",https://www.imt.liu.se/edu/courses/TBMT36/pdf/blue.pdf,https://www.msu.edu/~kalinkat/professionalpages/TechMatrixMaterials/documentarybloodmisconceptions.htm,,,
Brainwashing,Hogwash. No evidence that people’s minds can be changed against their will,12,"5,510,000",,https://www.google.com/?gfe_rd=cr&ei=YP8cVreSItKs8wfKyISQDQ&gws_rd=cr#q=brainwashing,mind,Mythbusters,"https://en.wikipedia.org/wiki/Brainwashing#:~:text=Marks%20wrote%20in%20his%20book,catatonia%2C%20making%20any%20operational%20use",,,,
Bulls hate red.,Bulls are colour-blind. They actually react to motion as a perceived threat.,12,"7,120","y, ""bulls hate the color red""",https://www.google.co.uk/search?hl=en&safe=off&tbo=d&biw=1375&bih=700&q=%22bulls+hate+the+color+red%22&oq=%22bulls+hate+the+color+red%22&gs_l=serp.12..0i7l3j0i7i30l2j0i8i30.16052.24035.0.25590.12.12.0.0.0.1.204.1279.7j4j1.12.0.les%3B..0.0...1c.1.KgFcosgNICM,Nature,University of Tennessee,http://wayback.archive.org/web/jsp/Interstitial.jsp?seconds=5&date=1214357302000&url=http%3A%2F%2Fiacuc.tennessee.edu%2Fpdf%2FPolicies-AnimalCare%2FCattle-BasicCare.pdf&target=http%3A%2F%2Fweb.archive.org%2Fweb%2F20080625012822%2Fhttp%3A%2F%2Fiacuc.tennessee.edu%2Fpdf%2FPolicies-AnimalCare%2FCattle-BasicCare.pdf,,,,
Caffeine dehydrates you,Not really. The diuretic effect of caffeine is offset by the amount of water in the caffeinated drinks.,18,"29,400",,"https://www.google.co.uk/webhp?source=search_app#hl=en&tbo=d&sclient=psy-ab&q=%22caffeine+dehydrates%22+body&oq=%22caffeine+dehydrates%22+body&gs_l=hp.12..0i30j0i8i30.3250.4225.33.5373.5.5.0.0.0.0.403.874.3j0j1j0j1.5.0.les%3B..0.0...1c.1.-OkNRzM328M&pbx=1&bav=on.2,or.r_gc.r_pw.r_cp.r_qf.&bvm=bv.1357700187,d.d2k&fp=5d9affffb17376ff&biw=1375&bih=700",health,"Journal of Human Nutrition and Dietetics, Exercise and Sports Science Review",http://onlinelibrary.wiley.com/doi/10.1046/j.1365-277X.2003.00477.x/abstract;jsessionid=FEF7ACBFCA00771BBF41FD39B24DFAE4.d02t04,http://www.ncbi.nlm.nih.gov/pubmed/17620932,,,
Catching warts from toads,Warts are unique to humans. Toads don't have them.,9,"121,000",warts from toads,,disease,Burke Museum,http://www.burkemuseum.org/blog/frog-myths,,,,
Chastity Belts,Not used to prevent a wife's adultery in medieval times. Instead invented by 19th century prudes to prevent 'dangerous' masturbation. ,20,"35,100",,"https://www.google.co.uk/webhp?hl=en&tab=ww#hl=en&tbo=d&sclient=psy-ab&q=%22chastity+belts%22+adultery&oq=%22chastity+belts%22+adultery&gs_l=hp.3...37251.48753.1.49260.28.25.3.0.0.3.290.2576.17j6j2.25.0.les%3B..0.0...1c.1.npNNHKNoV1Q&pbx=1&bav=on.2,or.r_gc.r_pw.r_cp.r_qf.&bvm=bv.1357700187,d.d2k&fp=5d9affffb17376ff&biw=1375&bih=700",history,BBC,http://news.bbc.co.uk/dna/place-lancashire/plain/A2430118,,,,
Chemical Imbalance,Simplistic. Thank pharma for the idea that major depression is caused by an imbalance of neurotransmitters likeserotonin. ,17,"1,580,000",,https://www.google.it/?gfe_rd=cr&ei=YP8cVreSItKs8wfKyISQDQ&gws_rd=cr#q=Chemical+Imbalance,mind,Society,http://link.springer.com/article/10.1007/s12115-007-9047-3,,,,
Chewing gum takes 7 years to digest,"It is indigestible, but passes straight through.",7,"46,300","y,  ""chewing gum"" ""7 years to digest""",https://www.google.co.uk/search?hl=en&safe=off&tbo=d&biw=1375&bih=700&q=%22chewing+gum%22+%227+years+to+digest%22&oq=%22chewing+gum%22+%227+years+to+digest%22&gs_l=serp.12..0i7j0i30j0i7i30j0i7i5i30l2.14512.17742.0.19883.2.2.0.0.0.0.94.177.2.2.0.les%3B..0.0...1c.1.nh3-RCFDzgM,health,Scientific American,http://www.scientificamerican.com/article.cfm?id=fact-or-fiction-chewing-gum-takes-seven-years-to-digest,,,,
Cooking removes alcohol,Partly true. But studies show not all burns off.,9,"16,300",,"https://www.google.co.uk/search?q=%22pilgrims%22+wore+all+black&hl=en&tbo=d&source=lnms&sa=X&ei=283zUMiULcel0AXMg4DYCw&ved=0CAkQ_AUoAA&biw=1375&bih=700#hl=en&tbo=d&sclient=psy-ab&q=%22cooking+alcohol%22+burns+off&oq=%22cooking+alcohol%22+burns+off&gs_l=serp.12..0i30j0i8i30l3.1354.13801.33.15555.25.21.4.0.0.0.1057.4835.4j12j2j0j1j0j1j1.21.0.les%3B..0.0...1c.1.xnRSOiTOFaM&pbx=1&bav=on.2,or.r_gc.r_pw.r_cp.r_qf.&bvm=bv.1357700187,d.d2k&fp=5d9affffb17376ff&biw=1375&bih=700",Cooking,NY Times,http://dinersjournal.blogs.nytimes.com/2008/02/19/six-kitchen-myths-that-deserve-debunking/,,,,
Different parts of the tongue taste different tastes,"There is no 'map', and there are 5 primary tastes: bitter, sour, salty, sweet and umami (savoury/meaty).",17,"268,000",y,"https://www.google.co.uk/webhp?source=search_app#hl=en&tbo=d&sclient=psy-ab&q=tongue%20taste%20buds%20map&oq=&gs_l=&pbx=1&bav=on.2,or.r_gc.r_pw.r_cp.r_qf.&bvm=bv.1357700187,d.d2k&fp=5d9affffb17376ff&biw=1375&bih=700&pf=p&pdl=300",science,"Nature, Geoffrey Campbell-Platt ""Food Science and Technology""",http://www.ncbi.nlm.nih.gov/pmc/articles/PMC1571047/?tool=pmcentrez,http://books.google.co.uk/books?id=E7GXHploJasC&lpg=PA31&pg=PA31&hl=en,,,
Dogs sweat by salivating,They regulate temperature through panting but sweat through footpads.,9,"1,280,000",,"https://www.google.co.uk/search?q=%22pilgrims%22+wore+all+black&hl=en&tbo=d&source=lnms&sa=X&ei=283zUMiULcel0AXMg4DYCw&ved=0CAkQ_AUoAA&biw=1375&bih=700#hl=en&sugexp=les%3B&gs_rn=1&gs_ri=serp&tok=JMsZcZZ3e4AlhU50k5bkMw&pq=%22dogs%22%20sweat%20salivating&cp=21&gs_id=2ht&xhr=t&q=%22dogs%22+sweat+drooling&pf=p&tbo=d&sclient=psy-ab&oq=%22dogs%22+sweat+drooling&gs_l=&pbx=1&bav=on.2,or.r_gc.r_pw.r_cp.r_qf.&bvm=bv.1357700187,d.d2k&fp=5d9affffb17376ff&biw=1375&bih=700",Nature,BMJ (Disproved in 1899!),http://www.ncbi.nlm.nih.gov/pmc/articles/PMC2462491/?page=6,,,,
Don't touch baby birds!,Birds have a limited sense of smell. Probably more harmful to leave them to the cats but it's all relative.,20,"154,000",,"https://www.google.co.uk/search?q=%22pilgrims%22+wore+all+black&hl=en&tbo=d&source=lnms&sa=X&ei=283zUMiULcel0AXMg4DYCw&ved=0CAkQ_AUoAA&biw=1375&bih=700#hl=en&tbo=d&sclient=psy-ab&q=%22baby+birds%22+don%27t+touch&oq=%22baby+birds%22+don%27t+touch&gs_l=serp.3..0i8i30l2.9722.14331.61.15357.15.14.1.0.0.0.249.1609.6j7j1.14.0.les%3B..0.0...1c.1.Er-iYvxlQRw&pbx=1&bav=on.2,or.r_gc.r_pw.r_cp.r_qf.&bvm=bv.1357700187,d.d2k&fp=5d9affffb17376ff&biw=1375&bih=700",nature,"Knox News, Snopes, Scientific American",http://www.knoxnews.com/news/2008/jun/16/fine-feathered-infirmary-for-sick-songbirds/,http://www.snopes.com/critters/wild/babybird.asp,http://www.scientificamerican.com/article/fact-or-fiction-birds-abandon-young-at-human-touch/,,
Drink 8 glasses of water a day!,"Not necessary for everyone; subjective and dependant on individual weight, environment, what you're wearing and more.",16,"2,420,00",,"https://www.google.co.uk/webhp?source=search_app#hl=en&tbo=d&sclient=psy-ab&q=drink+%228+glasses+of+water+a+day%22&oq=drink+%228+glasses+of+water+a+day%22&gs_l=hp.12..0l2j0i30l2.10170005.10172757.29.10174894.2.2.0.0.0.0.269.487.2-2.2.0.les%3B..0.0...1c.1.ZGZc4muG12E&pbx=1&bav=on.2,or.r_gc.r_pw.r_cp.r_qf.&bvm=bv.1357700187,d.d2k&fp=5d9affffb17376ff&biw=1375&bih=700",health,"NPR, Die Zeit",http://www.npr.org/2008/04/03/89323934/five-myths-about-drinking-water,http://www.zeit.de/2009/04/Stimmts,,,
Dropping a penny from a tall building could kill someone,Terminal velocity is 30-50mph which isn't fast enough. It would hurt though.,12,"1,870,000",drop penny kill someone,,physics,ABC,http://www.gantless.com/paper.html,http://abcnews.go.com/2020/story?id=3131332&page=1,,,
Eating before swimming is dangerous,Doesn't increase risk of cramps; alcohol is the biggest increase in risk.,12,"7,460,000","y,,, ""eating before swimming"" cramps or dangerous","https://www.google.co.uk/webhp?source=search_app#hl=en&tbo=d&sclient=psy-ab&q=%22eating+before+swimming%22+cramps+or+dangerous&oq=%22eating+before+swimming%22+cramps+or+dangerous&gs_l=hp.3...3948.6772.4.7231.13.13.0.0.0.1.205.1719.6j6j1.13.0.les%3B..0.0...1c.1.-6oN_YW5Nk0&pbx=1&bav=on.2,or.r_gc.r_pw.r_cp.r_qf.&bvm=bv.1357700187,d.d2k&fp=5d9affffb17376ff&biw=1375&bih=700",health,NY Times,http://www.nytimes.com/2005/06/28/health/28real.html,,,,
Edison invented the lightbulb,"He made the first practical lightbulb, but it was obsolete within a year. England's Joseph Swan patented a design before him.",21,"1,510,000",edison invented light bulb,,technology - inventions,Smithsonian Institution,http://americanhistory.si.edu/lighting/bios/swan.htm,,,,
Einstein failed maths,"Nope. He failed an entrance exam for a school, two years early, and still excelled in maths.",17,"2,130,000",y,"https://www.google.co.uk/search?q=%22pilgrims%22+wore+all+black&hl=en&tbo=d&source=lnms&sa=X&ei=283zUMiULcel0AXMg4DYCw&ved=0CAkQ_AUoAA&biw=1375&bih=700#hl=en&tbo=d&sclient=psy-ab&q=%22Einstein%22+failed+math&oq=%22Einstein%22+failed+math&gs_l=serp.3..0l4.9082935.9091368.25.9091868.24.23.1.0.0.1.1096.3651.16j4j1j0j1j7-1.23.0.les%3B..0.0...1c.1.KpiB1acbiU4&pbx=1&bav=on.2,or.r_gc.r_pw.r_cp.r_qf.&bvm=bv.1357700187,d.d2k&fp=5d9affffb17376ff&biw=1375&bih=700",history,TIME,"http://content.time.com/time/specials/packages/article/0,28804,1936731_1936743_1936758,00.html",,,,
Elementary My Dear Watson,Not in the original stories. First used in the 1929 film.,11,"329,000","""elementary my dear watson""",,literature,"Agnieszka Jasnowska: Elementary, My Dear Watson: The Case of Masculinity in the Sherlock Holmes Stories",http://leeds.academia.edu/AgnieszkaJasnowska/Papers/133195/Elementary_My_Dear_Watson_The_Case_of_Masculinity_in_the_Sherlock_Holmes_Stories,http://www.snopes.com/quotes/signature/elementary.asp,,,
Evolution is always creating more complex organisms,"Not always a simple to complex progression: sometimes a smaller genome will be evolved, but 'devolution' is a misnomer.",19,"10,200","evolution ""towards complexity""",,science/nature,"Scientific American, Cell",http://www.scientificamerican.com/article.cfm?id=is-the-human-race-evolvin,http://www.cell.com/retrieve/pii/S0092867402006657#,,,
"Evolution is just a ""theory""","In science, the word theory  means something more than a conjecture ",11,"899,000",y,"https://www.google.co.uk/search?q=%22pilgrims%22+wore+all+black&hl=en&tbo=d&source=lnms&sa=X&ei=283zUMiULcel0AXMg4DYCw&ved=0CAkQ_AUoAA&biw=1375&bih=700#hl=en&tbo=d&sclient=psy-ab&q=%22Evolution+is+just+a+theory%22&oq=%22Evolution+is+just+a+theory%22&gs_l=serp.3..0l4.34392.42360.96.42874.27.26.0.0.0.0.755.3436.14j10j1j6-1.26.0.les%3B..0.0...1c.1.NY149jH24eo&pbx=1&bav=on.2,or.r_gc.r_pw.r_cp.r_qf.&bvm=bv.1357700187,d.d2k&fp=5d9affffb17376ff&biw=1375&bih=700",science/nature,"University of Montana, American Institute of Biological Sciences, University of California - Berkeley",http://evoled.dbs.umt.edu/lessons/miscon.htm#3,https://www.msu.edu/~pennock5/research/papers/Pennock_TeachingEvoNatureSci.pdf,http://evolution.berkeley.edu/evolibrary/misconceptions_faq.php#a1,,
Flushed water rotates the otherway in the Southern Hemisphere,"The Coriolis effect,  induced by the Earth's rotation, does not affect the small amounts of water in toilets, bathtubs.",19,"1,850,000",flushed water southern hemisphere,,physics,The Library of Congress,https://www.loc.gov/rr/scitech/mysteries/coriolis.html,,,,
George Washington smoked cannabis,He grew hemp to make rope and clothes but there's no evidence to suggest he smoked a fatty most nights.,20,"1,460,000",,"https://www.google.com/search?q=salt+make+water+boil&oq=salt+make+water+boil&sourceid=chrome&ie=UTF-8#hl=en&tbo=d&sclient=psy-ab&q=george+washington+cannabis&oq=george+washington+cannabis&gs_l=serp.3..0l3j0i30.23130.27504.0.27612.32.26.3.2.2.0.182.3208.8j18.26.0.les%3B..0.0...1c.1.IHT7UdEqGPM&pbx=1&bav=on.2,or.r_gc.r_pw.r_cp.r_qf.&bvm=bv.1357700187,d.d2k&fp=c07a51cc249778de&biw=1023&bih=1215",drugs,"The Straight Dope, George Washington Diaries",http://www.straightdope.com/columns/read/2912/did-george-washington-and-thomas-jefferson-grow-marijuana,http://memory.loc.gov/cgi-bin/query/r?ammem/mgw:@field%28DOCID+@lit%28mgw1b651%29%29,,,
Get “Closure”,"No evidence this mythical emotional end state is ever achieved by victims of trauma, bereavement or loss.",17,"33,400,000",,https://www.google.com/?gfe_rd=cr&ei=YP8cVreSItKs8wfKyISQDQ&gws_rd=cr#q=get+closure,mind,The International Journal of Transitional Justice,http://ijtj.oxfordjournals.org/content/5/1/1,,,,
Glass is a liquid,"Has both solid and liquid properties. ""This is why stained glass windows are thicker at the bottom"" Not true though. Bad manufacturing process is the cause.",26,"1,060,000","y,   ""glass is a liquid""","https://www.google.co.uk/search?q=%22pilgrims%22+wore+all+black&hl=en&tbo=d&source=lnms&sa=X&ei=283zUMiULcel0AXMg4DYCw&ved=0CAkQ_AUoAA&biw=1375&bih=700#hl=en&tbo=d&sclient=psy-ab&q=%22glass+is+a+liquid%22&oq=%22glass+is+a+liquid%22&gs_l=serp.3..0l4.72739.80203.102.80725.29.27.1.0.0.6.459.3304.16j9j1j0j1.27.0.les%3B..0.0...1c.1.kC81u6H4Fa0&pbx=1&bav=on.2,or.r_gc.r_pw.r_cp.r_qf.&bvm=bv.1357700187,d.d2k&fp=5d9affffb17376ff&biw=1375&bih=700",science,"NY Times, American Journal of Physics",http://www.nytimes.com/2008/07/29/science/29glass.html?_r=1,http://www.df.unipi.it/~leporini/DFWebSite/ReviewsTg/CathedralGlasses.pdf,,,
Goldfish memory span,"While not the smartest in the animal kingdom, Goldfish do boast a better memory than most politicans.",17,"38,700","y, ""goldfish"" ""short memory""",https://www.google.co.uk/search?hl=en&safe=off&tbo=d&biw=1375&bih=700&q=%22goldfish%22+%22short+memory%22&oq=%22goldfish%22+%22short+memory%22&gs_l=serp.3..0i30j0i8i30l7.6815.9246.0.10194.2.2.0.0.0.0.175.269.1j1.2.0.les%3B..0.0...1c.1.HYJJlWCMYsk,nature,"ABC, The Times",http://www.abc.net.au/news/2008-02-19/goldfish-three-second-memory-myth-busted/1046710,http://www.thetimes.co.uk/tto/news/uk/article1912026.ece,,,
Great Wall of China visible from Space,Myth. ,1,"1,110,000",y,"https://www.google.co.uk/search?q=%22pilgrims%22+wore+all+black&hl=en&tbo=d&source=lnms&sa=X&ei=283zUMiULcel0AXMg4DYCw&ved=0CAkQ_AUoAA&biw=1375&bih=700#hl=en&tbo=d&sclient=psy-ab&q=%22Great+Wall+of+China%22+from+space&oq=%22Great+Wall+of+China%22+from+space&gs_l=serp.3..0l4.93434.106145.44.106709.47.39.8.0.0.1.590.7485.0j25j12j1j0j1.39.0.les%3B..0.0...1c.1.zmf5Qov5-rc&pbx=1&bav=on.2,or.r_gc.r_pw.r_cp.r_qf.&bvm=bv.1357700187,d.d2k&fp=5d9affffb17376ff&biw=1375&bih=656",Science,NASA,http://www.nasa.gov/vision/space/workinginspace/great_wall.html,,,,
Hair & fingernails grow after death,"The skin dries and shrinks away, giving the appearance of growth",11,"9,850",y,"https://www.google.co.uk/webhp?source=search_app#hl=en&tbo=d&sclient=psy-ab&q=%22hair+and+fingernails+grow+after+death%22&oq=%22hair+and+fingernails+grow+after+death%22&gs_l=hp.3..0i30j0i5i30l3.43631.55488.20.56010.43.41.2.0.0.0.208.4404.23j17j1.41.0.les%3B..0.0...1c.1.RkGjOKqXBMs&pbx=1&bav=on.2,or.r_gc.r_pw.r_cp.r_qf.&bvm=bv.1357700187,d.d2k&fp=5d9affffb17376ff&biw=1375&bih=700",health,"Graham-Brown, Robin; Tony Burns (2007). Lecture Notes on Dermatology. Blackwell. p.6","http://books.google.co.uk/books?id=HW9HmKhslfYC&printsec=frontcover&dq=Graham-Brown,+Robin;+Tony+Burns+(2007).+Lecture+Notes+on+Dermatology.+Blackwell.&hl=en&sa=X&ei=LPYDUPuLNMOx0AWE38W5Bw&ved=0CD4Q6AEwAQ#v=onepage&q=Graham-Brown%2C%20Robin%3B%20Tony%20Burns%20(2007).%20Lecture%20Notes%20on%20Dermatology.%20Blackwell.&f=false",,,,
"Hair products can ""repair"" your hair",Nothing can fix split ends or damaged hair. They can prevent damage and make hair look better though.,18,"1,800,000",,"https://www.google.co.uk/webhp?source=search_app#hl=en&tbo=d&sclient=psy-ab&q=hair+products+%22repair+damaged+hair%22&oq=hair+products+%22repair+damaged+hair%22&gs_l=hp.3..0i30j0i7i30l2j0i8i30.10053.13806.25.14279.2.2.0.0.0.0.122.225.0j2.2.0.les%3B..0.0...1c.1.thEoO8Pq3kI&pbx=1&bav=on.2,or.r_gc.r_pw.r_cp.r_qf.&bvm=bv.1357700187,d.d2k&fp=5d9affffb17376ff&biw=1375&bih=700",health,"CBC, Glamour",http://www.cbc.ca/streetcents/features/front_question_of_the_week.html,http://www.glamour.com/beauty/2008/09/hair-myths,,,
Hard-wired,The brain is actually incredibly fluid & plastic. So virtually no psychological capacities are ‘hard-wired’ from birth.,17,"23,400,000",,https://www.google.com/?gfe_rd=cr&ei=YP8cVreSItKs8wfKyISQDQ&gws_rd=cr#q=hard+wired,mind,Cold Spring Harbour Laboratory,https://www.dnalc.org/view/1084-Is-the-Brain-Hardwired-.html,,,,
Henry Ford invented the car,"He just improved the design, mostly by supporting the work of his employees.",13,"2,870,000",,,technology - inventions,My Forty Years with Ford' by Charles E. Sorensen,http://books.google.co.uk/books?id=fv9WPvAXpGMC&pg=PA128&redir_esc=y#v=onepage&q&f=false,http://lccn.loc.gov/83016269,,,
Houseflies live for 24 hours,Average lifespan is actually about a month. Maggots hatch within 24 hours.,12,"55,600",,"https://www.google.co.uk/search?q=%22pilgrims%22+wore+all+black&hl=en&tbo=d&source=lnms&sa=X&ei=283zUMiULcel0AXMg4DYCw&ved=0CAkQ_AUoAA&biw=1375&bih=700#hl=en&tbo=d&sclient=psy-ab&q=%22horse+flies%22+live+%2224+hours%22&oq=%22horse+flies%22+live+%2224+hours%22&gs_l=serp.3...12553.13073.86.14348.4.4.0.0.0.0.81.303.4.4.0.les%3B..0.0...1c.1.guToI31Jc-0&pbx=1&bav=on.2,or.r_gc.r_pw.r_cp.r_qf.&bvm=bv.1357700187,d.d2k&fp=5d9affffb17376ff&biw=1375&bih=700",nature,"Forest Preserve District of Cook County, North Carolina Pest Management Program",http://www.newton.dep.anl.gov/natbltn/400-499/nb453.htm,http://ipm.ncsu.edu/ag369/notes/house_fly.html,,,
Human brains are special because they’re huge,"There might be other reasons why human brains are unique, but focusing on size ignores important possibilities.",17,"34,500,000",,https://www.google.co.uk/webhp?sourceid=chrome-instant&ion=1&espv=2&ie=UTF-8#q=human+brain+large,science,Nature,http://www.nature.com/news/the-science-myths-that-will-not-die-1.19022#/b1,,,,
Humans and dinosaurs co-existed,"Despite 59% of US adults thinking they did, we actually missed each other by ~63 million years.",17,"259,000",y,"https://www.google.co.uk/search?q=%22pilgrims%22+wore+all+black&hl=en&tbo=d&source=lnms&sa=X&ei=283zUMiULcel0AXMg4DYCw&ved=0CAkQ_AUoAA&biw=1375&bih=700#hl=en&tbo=d&sclient=psy-ab&q=%22humans+and+dinosaurs+coexisted%22&oq=%22humans+and+dinosaurs+coexisted%22&gs_l=serp.12..0i10i30j0i5i30l3.936.6381.100.10038.14.14.0.0.0.1.184.1441.9j5.14.0.les%3B..0.0...1c.1.nM3CpHkhIQg&pbx=1&bav=on.2,or.r_gc.r_pw.r_cp.r_qf.&bvm=bv.1357700187,d.d2k&fp=5d9affffb17376ff&biw=1375&bih=700",science/nature,Science Daily,http://www.sciencedaily.com/releases/2009/03/090312115133.htm,,,,
Humans evolved from chimpanzees,"No - they are our closest living genetic relatives, along with bonobos. A shared ancestor last lived 5-8 million years ago.",21,"300,000",,"https://www.google.co.uk/search?q=%22pilgrims%22+wore+all+black&hl=en&tbo=d&source=lnms&sa=X&ei=283zUMiULcel0AXMg4DYCw&ved=0CAkQ_AUoAA&biw=1375&bih=700#hl=en&tbo=d&sclient=psy-ab&q=%22Humans+evolved+from+chimpanzees%22&oq=%22Humans+evolved+from+chimpanzees%22&gs_l=serp.12..0j0i30j0i5i30l2.25855.40489.97.43332.45.35.9.0.0.5.179.3480.24j11.35.0.les%3B..0.0...1c.1.YgP8_cGHhKM&pbx=1&bav=on.2,or.r_gc.r_pw.r_cp.r_qf.&bvm=bv.1357700187,d.d2k&fp=5d9affffb17376ff&biw=1375&bih=700",science/nature,"PBS, National Geographic, Wilson & Reeder's Mammal Species of the World (3rd ed.)",http://www.pbs.org/wgbh/evolution/library/faq/cat02.html#Q01,http://news.nationalgeographic.com/news/2001/07/0712_ethiopianbones.html,http://www.bucknell.edu/msw3/browse.asp?id=12100001,http://news.sciencemag.org/plants-animals/2012/06/bonobos-join-chimps-closest-human-relatives,
"If you've used LSD, you're legally insane.",Urban myth,2,"898,000",,"https://www.google.com/search?q=salt+make+water+boil&oq=salt+make+water+boil&sourceid=chrome&ie=UTF-8#hl=en&tbo=d&sclient=psy-ab&q=LSD+users+legally+insane&oq=LSD+users+legally+insane&gs_l=serp.3..33i29.17420.20736.1.20786.24.23.0.1.1.0.169.2328.14j8.22.0.les%3B..0.0...1c.1.xW0cOw5TYW0&pbx=1&bav=on.2,or.r_gc.r_pw.r_cp.r_qf.&bvm=bv.1357700187,d.d2k&fp=c07a51cc249778de&biw=1023&bih=1215",drugs,"DEA, Erowid, Snopes.com",http://www.justice.gov/osg/briefs/1987/sg870439.txt,http://www.erowid.org/chemicals/lsd/lsd_myth8.shtml,http://www.snopes.com/legal/lsdcrazy.asp,,
Immaculate Conception means Virgin Birth,Separate ideas. Immaculate conception means Mary was not subject to original sin. Virgin birth means Mary miraculously conceived,18,"118,000","""immaculate conception"" NEAR ""virgin birth""",,religion,BBC,http://www.bbc.co.uk/religion/religions/christianity/beliefs/immaculateconception.shtml,,,,
Iron Maidens,Never were medieval torture devices. But 18th century fakes created for sensational circuses. ,13,"414,000",,"https://www.google.co.uk/webhp?hl=en&tab=ww#hl=en&tbo=d&sclient=psy-ab&q=%22Iron+Maidens%22+torture&oq=%22Iron+Maidens%22+torture&gs_l=hp.3..0j0i30.5041.12263.0.12714.11.11.0.0.0.0.86.883.11.11.0.les%3B..0.0...1c.1j2.PkWBGwFqiRI&pbx=1&bav=on.2,or.r_gc.r_pw.r_cp.r_qf.&bvm=bv.1357700187,d.d2k&fp=5d9affffb17376ff&biw=1375&bih=700",history,"Graff, Klaus. ",http://web.archive.org/web/20040828060227/http://www.mondzauberin.de/einstieg/informativ/essays/essays3/BerlinOnline+Die+unsichtbare+H/vortrag.html,,,,
Islamic matyrs receive 72 virgins,"Nowhere in the Qu'ran, but is reported elsewhere, but is a matter of debate.",14,"2,270,000",72 virgins,,religion,Guardian,http://www.guardian.co.uk/books/2002/jan/12/books.guardianreview5,,,,
Jesus was born on December 25th,"December 25 was declared official celebration date in 350CE. Could be guesstimate based on conception, or winter solstice, or Yule.",20,"8,230,000",Jesus born 25th December,,religion,BBC,http://www.bbc.co.uk/guides/zwnsbk7,,,,
Lie detector ,"No such machine. A polygraph test detects arousal, not lies. And can be easily faked.",15,"3,510,000",,https://www.google.com/?gfe_rd=cr&ei=YP8cVreSItKs8wfKyISQDQ&gws_rd=cr#q=lie+detector,law,American Psychological Association,http://psycnet.apa.org/index.cfm?fa=search.displayRecord&uid=1998-07613-000,,,,
Lightning never strikes twice,No reason why it wouldn't; the Empire State building gets struck about 100 times per year.,16,"945,000","""lightning never strikes twice""",,physics,The National Severe Storms Laboratory,http://www.nssl.noaa.gov/education/svrwx101/lightning/faq/,,,,
Lincoln freed all slaves,He instigated the process but full abolition didn't occur until three years later after the Emancipation Proclamation.,17,"4,080,000",y,"https://www.google.co.uk/search?q=%22pilgrims%22+wore+all+black&hl=en&tbo=d&source=lnms&sa=X&ei=283zUMiULcel0AXMg4DYCw&ved=0CAkQ_AUoAA&biw=1375&bih=700#hl=en&tbo=d&sclient=psy-ab&q=%22Lincoln%22+freed+all+slaves&oq=%22Lincoln%22+freed+all+slaves&gs_l=serp.12..0j0i5i30j0i8i30j0i22.292090.302265.21.303561.23.23.0.0.0.1.291.2644.14j7j2.23.0.les%3B..0.0...1c.1.Zhs-RB2dTmY&pbx=1&bav=on.2,or.r_gc.r_pw.r_cp.r_qf.&bvm=bv.1357700187,d.d2k&fp=5d9affffb17376ff&biw=1375&bih=700",history,Time Magazine,"http://www.time.com/time/nation/article/0,8599,1815936,00.html",,,,
LSD stays in the spinal fluid for years,LSD is eliminated by the body in under 10 hours.,10,"39,000",LSD spinal fluid,,drugs,"Erowid, Medscape, PubMed",http://www.erowid.org/chemicals/lsd/lsd_myth1.shtml,http://emedicine.medscape.com/article/1011615-overview,http://www.ncbi.nlm.nih.gov/pubmed/8912957,,
Marijuana is a gateway drug,Most pot users don't go on to harder drugs. Those who do are probably influenced by social and other factors.,20,"767,000",,https://www.google.co.uk/webhp?sourceid=chrome-instant&ion=1&espv=2&ie=UTF-8#q=marijuana+gateway+,drugs,"UK Govt., Substance Use and Misuse",http://www.drugabuse.gov/publications/marijuana/marijuana-gateway-drug,http://www.tandfonline.com/doi/abs/10.3109/10826084.2015.1007679,,,
Men think about sex every 7 seconds,It's not been measured. But is greatly exaggerated.,8,"309,000","y, ""men think about sex every 7 seconds""",https://www.google.co.uk/search?hl=en&safe=off&tbo=d&biw=1375&bih=700&q=%22men+think+about+sex+every+7+seconds%22&oq=%22men+think+about+sex+every+7+seconds%22&gs_l=serp.3..0j0i30j0i5i30l2j0i8i30l2j0i22.7478.9878.0.10538.2.2.0.0.0.0.88.167.2.2.0.les%3B..0.0...1c.1.15Ixu7eRpYA,sex,"LiveScience, The Times",http://www.livescience.com/14040-men-sex-thoughts.html,http://www.timesonline.co.uk/tol/life_and_style/article723673.ece,,,
Milk increases mucous,"In most people, just a placebo effect. There's no need to avoid dairy if you have a cold.",18,"10,100","dairy ""increases mucus""",,disease,The American Review of Respiratory Disease,http://www.ncbi.nlm.nih.gov/pubmed/2154152,,,,
Missing Persons Reports,"Police do not demand a 24 hour period before they accept a missing persons report, especially if violence is involved.",20,"634,000",y,"https://www.google.co.uk/search?q=%22pilgrims%22+wore+all+black&hl=en&tbo=d&source=lnms&sa=X&ei=283zUMiULcel0AXMg4DYCw&ved=0CAkQ_AUoAA&biw=1375&bih=700#hl=en&tbo=d&sclient=psy-ab&q=%22Missing+persons+report%22+24+hours&oq=%22Missing+persons+report%22+24+hours&gs_l=serp.3..0.97778.108419.26.108814.33.33.0.0.0.0.432.4291.13j18j1j0j1.33.0.les%3B..0.0...1c.1.oFTTj6PJQUo&pbx=1&bav=on.2,or.r_gc.r_pw.r_cp.r_qf.&bvm=bv.1357700187,d.d2k&fp=5d9affffb17376ff&biw=1375&bih=700",Law,"Augusta Chronicle, UK Govt., AU Govt., Canadian Centre for Child Protection, Canadian Centre for Information on Missing Adults",http://chronicle.augusta.com/stories/2008/11/17/met_483813.shtml,https://www.gov.uk/report-missing-person,http://www.missingpersons.gov.au/report-a-missing-person/overview.aspx,https://missingkids.ca/app/en/media_centre_faq,http://missingpersonsinformation.ca/resources/quick-facts-about-reporting-a-missing-adult-in-canada/
Most body heat is lost through the head,Only in infants. Or if the head is the only uncovered part of the body.,15,"434,000",What % is normally lost through the head under normal conditions?,"https://www.google.co.uk/webhp?source=search_app#hl=en&tbo=d&sclient=psy-ab&q=%22body+heat+lost%22+through+head&oq=%22body+heat+lost%22+through+head&gs_l=hp.3..0j0i30l2j0i5i30.8030.8030.0.9121.1.1.0.0.0.0.95.95.1.1.0.les%3B..0.0...1c.2.YRKvgcQ59T8&pbx=1&bav=on.2,or.r_gc.r_pw.r_cp.r_qf.&bvm=bv.1357700187,d.d2k&fp=5d9affffb17376ff&biw=1375&bih=700",health,"Anesthesiology, The Guardian, BMJ",http://journals.lww.com/anesthesiology/Abstract/1990/10000/Thermoregulatory_Vasoconstriction_Decreases.11.aspx,http://www.guardian.co.uk/science/2008/dec/17/medicalresearch-humanbehaviour,http://adc.bmj.com/content/56/7/530,,
MSG causes headaches,Flavour enhancer monosodium glutamate does not generally cause headaches. Though some migraine sufferers can be triggered by glutamate.,18,"1,850,000",,"https://www.google.co.uk/search?q=%22pilgrims%22+wore+all+black&hl=en&tbo=d&source=lnms&sa=X&ei=283zUMiULcel0AXMg4DYCw&ved=0CAkQ_AUoAA&biw=1375&bih=700#hl=en&tbo=d&sclient=psy-ab&q=%22MSG%22+causes+headaches&oq=%22MSG%22+causes+headaches&gs_l=serp.12..0.68345.78296.36.81519.20.20.0.0.0.0.501.3968.3j11j2j3j0j1.20.0.les%3B..0.0...1c.1.FMGnAwvoxUk&pbx=1&bav=on.2,or.r_gc.r_pw.r_cp.r_qf.&bvm=bv.1357700187,d.d2k&fp=5d9affffb17376ff&biw=1375&bih=700",Science,"Tarasoff L, Monosodium L-glutamate: A double-blind study and review ",http://www.sciencedirect.com/science/article/pii/027869159390012N,https://pmc.ncbi.nlm.nih.gov/articles/PMC10537717/,,,
Mussolini's trains ran on time,Fascist propaganda. They did run on time but only because of work done before his reign.,16,"141,000",y,"https://www.google.co.uk/search?q=%22pilgrims%22+wore+all+black&hl=en&tbo=d&source=lnms&sa=X&ei=283zUMiULcel0AXMg4DYCw&ved=0CAkQ_AUoAA&biw=1375&bih=700#hl=en&sugexp=les%3B&gs_rn=1&gs_ri=serp&tok=JMsZcZZ3e4AlhU50k5bkMw&pq=%22mussolini's%22%20trains%20run%20on%20time&cp=10&gs_id=qf&xhr=t&q=mussolini+made+the+trains+run+on+time&pf=p&tbo=d&sclient=psy-ab&oq=%22Mussolini%22+trains+run+on+time&gs_l=&pbx=1&bav=on.2,or.r_gc.r_pw.r_cp.r_qf.&bvm=bv.1357700187,d.d2k&fp=5d9affffb17376ff&biw=1375&bih=700&bs=1",history,The Independant,http://www.independent.co.uk/opinion/rear-window-making-italy-work-did-mussolini-really-get-the-trains-running-on-time-1367688.html,,,,
Napoleon was short,"A tall tale. At 5'7"", he was actually above average height for a Frenchman of the time.",17,"33,400,000",,"https://www.google.co.uk/search?q=%22pilgrims%22+wore+all+black&hl=en&tbo=d&source=lnms&sa=X&ei=283zUMiULcel0AXMg4DYCw&ved=0CAkQ_AUoAA&biw=1375&bih=700#hl=en&tbo=d&spell=1&q=%22Napoleon%22+short&sa=X&ei=TdDzUOTPNKbO0QXv2YHABw&ved=0CC4QBSgA&bav=on.2,or.r_gc.r_pw.r_cp.r_qf.&bvm=bv.1357700187,d.d2k&fp=5d9affffb17376ff&biw=1375&bih=700",history,Napoleon Foundation,http://www.napoleon.org/fr/salle_lecture/articles/files/Taillenapo_RIN_89_oct1963_2006.asp,,,,
Oil stops pasta sticking,Does not prevent sticking. But it can stop the water foaming or boiling over.,14,"5,200,000",,"https://www.google.co.uk/search?q=%22pilgrims%22+wore+all+black&hl=en&tbo=d&source=lnms&sa=X&ei=283zUMiULcel0AXMg4DYCw&ved=0CAkQ_AUoAA&biw=1375&bih=700#hl=en&tbo=d&sclient=psy-ab&q=%22oil%22+stops+pasta+sticking&oq=%22oil%22+stops+pasta+sticking&gs_l=serp.3..0i13i5i30.42188.51258.29.54965.25.24.1.0.0.0.773.5361.1j14j7j6-2.24.0.les%3B..0.0...1c.1.0XUFYPBDM7g&pbx=1&bav=on.2,or.r_gc.r_pw.r_cp.r_qf.&bvm=bv.1357700187,d.d2k&fp=5d9affffb17376ff&biw=1375&bih=700",Cooking,Fine Cooking,http://www.finecooking.com/articles/cooking-pasta-properly.aspx,,,,
Pilgrims wore all black,"Nope. They sported late Elizabethan in-colours: reds, yellows, purples and greens. And no buckle hats!",15,"1,490,000",y,https://www.google.co.uk/search?q=%22pilgrims%22+wore+all+black&hl=en&tbo=d&source=lnms&sa=X&ei=283zUMiULcel0AXMg4DYCw&ved=0CAkQ_AUoAA&biw=1375&bih=700,history,Plimoth Plantation Museum,http://www.plimoth.org/learn/just-kids/homework-help/what-wear,,,,
Planes dump toilet waste at high altitude,"They're emptied on ground. Blue ice is caused accidentally. Trains used to dump on the tracks, though. Dirty trains.",19,"3,700,000",plane dump toilet,,transportation,"HowStuffWorks, WSJ",http://science.howstuffworks.com/transport/flight/modern/question314.htm,http://blogs.wsj.com/middleseat/2008/11/19/on-world-toilet-day-let-us-praise-the-airline-lav/,,,
Refreezing Food = Bad,"Whether raw or cooked, as long as the food was thawed and hasn't spoiled, it's okay to refreeze. Exception: defrosted raw meat or fish.",24,"111,000",,https://www.google.com/?gfe_rd=cr&ei=YP8cVreSItKs8wfKyISQDQ&gws_rd=cr#q=refreezing+food+bad,food,NY Times,http://well.blogs.nytimes.com/2015/10/02/ask-well-a-myth-about-refreezing-foods/?smid=nytnow-share&smprod=nytnow&_r=0,,,,
Rule of thumb,Not from a law allowing a man to hit his wife with a stick no thicker than his thumb. ,19,"1,040,000","y,  ""Rule of thumb"" beating women",https://www.google.co.uk/search?hl=en&safe=off&tbo=d&biw=1375&bih=700&q=%22Rule+of+thumb%22+beating+women&oq=%22Rule+of+thumb%22+beating+women&gs_l=serp.3..0.10461.13180.0.14223.7.7.0.0.0.2.159.733.4j3.7.0.les%3B..0.0...1c.1.1n7TzZ33izc,Etymology,"Jennifer Freyd and JQ Johnson, University of Oregon",http://dynamic.uoregon.edu/~jjf/essays/ruleofthumb.html,,,,
Salieri vs Mozart,They were friends with a little rivalry. Nothing more.,9,"5,230",,"https://www.google.co.uk/search?q=%22pilgrims%22+wore+all+black&hl=en&tbo=d&source=lnms&sa=X&ei=283zUMiULcel0AXMg4DYCw&ved=0CAkQ_AUoAA&biw=1375&bih=700#hl=en&sugexp=les%3B&gs_rn=1&gs_ri=serp&tok=JMsZcZZ3e4AlhU50k5bkMw&pq=%22salieri%20mozart%22%20rival&cp=23&gs_id=g1&xhr=t&q=%22Salieri%20Mozart%22%20rivals&pf=p&tbo=d&sclient=psy-ab&oq=%22Salieri+Mozart%22+rivals&gs_l=&pbx=1&bav=on.2,or.r_gc.r_pw.r_cp.r_qf.&bvm=bv.1357700187,d.d2k&fp=5d9affffb17376ff&biw=1375&bih=700",history,NY Times,http://www.nytimes.com/2004/12/28/arts/music/28sali.html?ei=5088&en=7d60688cd81285e2&ex=1261976400&adxnnl=1&partner=rssnyt&adxnnlx=1127322281-E5bLYNdgoI5tijOhmwxecA,,,,
Satan rules Hell,Doesn't say this anywhere in the Bible.,7,"36,600,000",Satan hell,,religion,Jehovah's Witnesses,https://www.jw.org/en/publications/magazines/g201306/is-satan-a-real-person/#?insight[search_id]=c8702e92-fd1d-401f-a6df-ae41bea1f1a3&insight[search_result_index]=2,,,,
Schizophrenia is multiple personalities,"Etymologically, it means ""split-mind"", but dissociative ""multiple personality"" disorders are different.",11,80,"schizophrenia ""multiple personalities""",,psychology,National Alliance on Mental Illness,http://www.nami.org/Template.cfm?Section=Schizophrenia9&Template=/ContentManagement/ContentDisplay.cfm&ContentID=118290,,,,
Scientific Proof,"Proof is incompatible with science which is, by its nature, provisional and self-correcting. Only Maths has proofs. ",17,"243,000,000",,https://www.google.com/?gfe_rd=cr&ei=YP8cVreSItKs8wfKyISQDQ&gws_rd=cr#q=Scientific+Proof,science,School Science and Mathematics,http://onlinelibrary.wiley.com/doi/10.1111/j.1949-8594.1996.tb10205.x/abstract,,,,
Searing meat seals in moisture.,Nope. It's for flavour.,4,"19,100",y,"https://www.google.co.uk/search?q=%22pilgrims%22+wore+all+black&hl=en&tbo=d&source=lnms&sa=X&ei=283zUMiULcel0AXMg4DYCw&ved=0CAkQ_AUoAA&biw=1375&bih=700#hl=en&tbo=d&sclient=psy-ab&q=%22seraing+meat%22+seals+moisture&oq=%22seraing+meat%22+seals+moisture&gs_l=serp.3..0i13i30.59358.68350.28.68648.26.26.0.0.0.7.332.4224.0j23j2j1.26.0.les%3B..0.0...1c.1.RU_WhC5kRQk&pbx=1&bav=on.2,or.r_gc.r_pw.r_cp.r_qf.&bvm=bv.1357700187,d.d2k&fp=5d9affffb17376ff&biw=1375&bih=700",Cooking,Guardian,http://www.guardian.co.uk/lifeandstyle/wordofmouth/2010/jan/26/should-you-sear-steak,,,,
Seasons are caused by the Earth's distance from the Sun.,They're actually related to the 23 degree tilt of the Earth's axis.,12,"5,070",y,"https://www.google.co.uk/search?q=%22pilgrims%22+wore+all+black&hl=en&tbo=d&source=lnms&sa=X&ei=283zUMiULcel0AXMg4DYCw&ved=0CAkQ_AUoAA&biw=1375&bih=700#hl=en&tbo=d&sclient=psy-ab&q=%22seasons+caused%22+earth%27s+distance+sun&oq=%22seasons+caused%22+earth%27s+distance+sun&gs_l=serp.3..0i5i30j0i8i30l2.4563.24558.51.24942.8.8.0.0.0.1.243.983.4j3j1.8.0.les%3B..0.0...1c.1.q1oviBSIP0o&pbx=1&bav=on.2,or.r_gc.r_pw.r_cp.r_qf.&bvm=bv.1357700187,d.d2k&fp=5d9affffb17376ff&biw=1375&bih=700",Science,NASA,http://istp.gsfc.nasa.gov/istp/outreach/sunearthmiscons.html,,,,
Sex reduces athletic performance ,"No physiological basis to this, could even help male athletes because of increased testosterone.",14,"27,400","sex ""before athletic performance""",,sex,"Nature, National Geographic",http://www.nature.com/news/2006/060609/full/news060605-16.html,http://news.nationalgeographic.com/news/2006/02/0222_060222_sex.html,,,
Sharks don't get cancer.,Oh yes they do. Particularly skin cancer.,7,"121,000",y,"https://www.google.co.uk/search?q=%22pilgrims%22+wore+all+black&hl=en&tbo=d&source=lnms&sa=X&ei=283zUMiULcel0AXMg4DYCw&ved=0CAkQ_AUoAA&biw=1375&bih=700#hl=en&tbo=d&sclient=psy-ab&q=%22sharks+don%27t+get+cancer%22&oq=%22sharks+don%27t+get+cancer%22&gs_l=serp.3..0j0i8i10i30l2j0i8i30.37497.38289.82.41868.4.4.0.0.0.1.190.438.3j1.4.0.les%3B..0.0...1c.1.ldGHKw4iylQ&pbx=1&bav=on.2,or.r_gc.r_pw.r_cp.r_qf.&bvm=bv.1357700187,d.d2k&fp=5d9affffb17376ff&biw=1375&bih=700",nature,Cancer Research,http://cancerres.aacrjournals.org/content/64/23/8485,,,,
Shaving your hair makes it thicker,"Regrown hair isn't thicker, coarser, or darker, it just appears so because it's no longer tapered.",16,"43,500",y,"https://www.google.co.uk/webhp?source=search_app#hl=en&tbo=d&sclient=psy-ab&q=%22shaving+hair%22+grows+back+thicker&oq=%22shaving+hair%22+grows+back+thicker&gs_l=hp.3..0j0i5i30j0i8i30l2.850.9633.19.10549.22.20.2.0.0.0.391.3042.7j9j2j2.20.0.les%3B..0.0...1c.1._MsfwljqUJQ&pbx=1&bav=on.2,or.r_gc.r_pw.r_cp.r_qf.&bvm=bv.1357700187,d.d2k&fp=5d9affffb17376ff&biw=1375&bih=700",beauty,"Snopes, Mayoclinic",http://snopes.com/oldwives/hairgrow.asp,http://www.mayoclinic.com/health/hair-removal/an00638,,,
Single genes exist for different personality traits,Gross oversimplification; there is no 'gay gene' etc.,8,"388,000","""the gene for"" personality traits",,genetics,"The Year in Cognitive Neuroscience, Guardian, BBC News",http://www.ncbi.nlm.nih.gov/pmc/articles/PMC2805335/pdf/nyas1156-0001.pdf,http://www.guardian.co.uk/science/blog/2010/sep/09/gene-intelligence-genetic-testing,http://news.bbc.co.uk/1/hi/sci/tech/325979.stm,,
Sleeping with an electric fan on can be deadly,Big myth in Korea. Very unlikely.,6,"159,000",y,"https://www.google.co.uk/webhp?source=search_app#hl=en&tbo=d&sclient=psy-ab&q=%22fan+death%22+korea&oq=%22fan+death%22+korea&gs_l=hp.3..0l2.41494.53356.1.53639.24.24.0.0.0.0.223.2446.16j5j2.23.0.les%3B..0.0...1c.1.jzyn9Njd2Gc&pbx=1&bav=on.2,or.r_gc.r_pw.r_cp.r_qf.&bvm=bv.1357700187,d.d2k&fp=5d9affffb17376ff&biw=1375&bih=700",science,"Korea Consumer Protection Board, JoongAng Daily, Esquire",http://web.archive.org/web/20070927051420/http://english.cpb.or.kr/user/bbs/code02_detail.php?av_jbno=2006071800002,http://web.archive.org/web/20070110052746/http://joongangdaily.joins.com/200409/22/200409222123324579900091009101.html,http://www.esquire.com/style/answer-fella/korean-fan-death-0209,,
Some people have a photographic memory,"No hard scientific evidence, but memory that mimics a camera is unlikely. Some people just have great memories",18,"1,700,000","""photographic memory""",,psychology,"Indianpublicmedia.org, Slate",http://indianapublicmedia.org/amomentofscience/photographic-memory/,http://www.slate.com/articles/health_and_science/science/2006/04/kaavya_syndrome.html,,,
Steep Learning Curve,"Actually means a skill that iseasy and quick to learn.Think about it. The curve justgoes up and up. ",18,"7,770,000",,https://www.google.com/?gfe_rd=cr&ei=YP8cVreSItKs8wfKyISQDQ&gws_rd=cr#q=Steep+Learning+Curve,mind,Postgraduate Medical Journal,http://www.ncbi.nlm.nih.gov/pubmed?Db=pubmed&Cmd=ShowDetailView&TermToSearch=18057179,,,,
Sugar makes children hyperactive,Studies have disproved this. ADHD still occurs in children with sugar-free diets.,12,"4,400",y,"https://www.google.co.uk/webhp?source=search_app#hl=en&tbo=d&sclient=psy-ab&q=%22caffeine+dehydrates%22+body&oq=%22caffeine+dehydrates%22+body&gs_l=hp.12..0i30j0i8i30.3250.4225.33.5373.5.5.0.0.0.0.403.874.3j0j1j0j1.5.0.les%3B..0.0...1c.1.-OkNRzM328M&pbx=1&bav=on.2,or.r_gc.r_pw.r_cp.r_qf.&bvm=bv.1357700187,d.d2k&fp=5d9affffb17376ff&biw=1375&bih=700",health,"BMJ, Fullerton-Smith, Jill (2007). The Truth About Food. Bloomsbury. pp. 115–117.",http://www.bmj.com/content/337/bmj.a2769,http://books.google.co.uk/books/about/The_Truth_About_Food.html?id=5OYfGQAACAAJ&redir_esc=y,,,
Sushi is raw fish,Lost in translation. Sushi means 'sour rice' and does not always feature fish.  Sashimi means 'raw' - but isn't just fish.,21,"63,100",difficult accurate search,"https://www.google.co.uk/search?q=%22pilgrims%22+wore+all+black&hl=en&tbo=d&source=lnms&sa=X&ei=283zUMiULcel0AXMg4DYCw&ved=0CAkQ_AUoAA&biw=1375&bih=700#hl=en&tbo=d&sclient=psy-ab&q=%22sushi+is+raw+fish%22&oq=%22sushi+is+raw+fish%22&gs_l=serp.12..0i30j0i8i30.11759.17467.38.19300.23.22.0.0.0.10.304.3585.5j11j5j1.22.0.les%3B..0.0...1c.1.x9oDWk4gbjY&pbx=1&bav=on.2,or.r_gc.r_pw.r_cp.r_qf.&bvm=bv.1357700187,d.d2k&fp=5d9affffb17376ff&biw=1375&bih=656",Cooking,"Baltimore Sun, Japan Guide",http://articles.baltimoresun.com/2012-06-18/entertainment/bal-international-sushi-day_1_ra-sushi-bar-restaurant-vinegared-rice-raw-fish,http://www.japan-guide.com/e/e2038.html,,,
The 'Dark Ages',The period between the decline of the Roman Empire and the Renaissance was not that dark or backward. An historical cliche.,21,"5,940,000",,"https://www.google.com/#hl=en&tbo=d&sclient=psy-ab&q=%22the+dark+ages%22+barbaric&oq=%22the+dark+ages%22+barbaric&gs_l=hp.3...15240.19880.3.20004.15.15.0.0.0.5.215.1892.1j13j1.15.0.les%3B..0.0...1c.1.gL288Ow1JH4&pbx=1&bav=on.2,or.r_gc.r_pw.r_cp.r_qf.&bvm=bv.1357700187,d.d2k&fp=c07a51cc249778de&biw=1079&bih=1226",history,National Review,http://www.nationalreview.com/articles/227744/not-so-dark-ages-ryan-sayre-patrico,,,,
The 5 Second Rule,"Amount of bacteria transferredto fallen food depends on howcontaminated the floor is, nothow long the food stays there.",18,"96,000,000",,https://www.google.com/?gfe_rd=cr&ei=YP8cVreSItKs8wfKyISQDQ&gws_rd=cr#q=5+second+rule,food,Journal of Applied Microbiology,http://onlinelibrary.wiley.com/doi/10.1111/j.1365-2672.2006.03171.x/full,,,,
The First Thanksgiving,Celebrations were recorded 50 years before the 'first' Thanksgiving at Plymouth Colony.,12,"1,160,000",,"https://www.google.co.uk/search?q=%22pilgrims%22+wore+all+black&hl=en&tbo=d&source=lnms&sa=X&ei=283zUMiULcel0AXMg4DYCw&ved=0CAkQ_AUoAA&biw=1375&bih=700#hl=en&tbo=d&sclient=psy-ab&q=%22The+First+Thanksgiving%22+pilgrims+and+indians&oq=%22The+First+Thanksgiving%22+pilgrims+and+indians&gs_l=serp.3..0j0i22l2.27091.32881.1.33716.14.13.1.0.0.0.185.1336.9j4.13.0.les%3B..0.0...1c.1.Xu29N5lcrjY&pbx=1&bav=on.2,or.r_gc.r_pw.r_cp.r_qf.&bvm=bv.1357700187,d.d2k&fp=5d9affffb17376ff&biw=1375&bih=700",history,NY Times,http://www.nytimes.com/2008/11/26/opinion/26davis.html?_r=1&th&emc=th,http://www.history.com/topics/thanksgiving/page3,,,
The Left and right brains have different capabilities,No solid functional division; some functions activate some areas more than others. Left brain can learn 'right brain' functions and vice-versa.,21,"2,600,000","""left brain"" ""right brain"" different",,brain,Neuroscience Nature reviews ,http://www.nature.com/nrn/journal/v7/n5/full/nrn1907.html,http://www.ncbi.nlm.nih.gov/pubmed/16607400,,,
The Oceans are blue because they reflect the sky,Nope. Absorption and scattering of light causes blue colour,9,644,"oceans blue ""reflect sky""",,physics,"Journal of Chemical Education, Physics Today",http://inside.mines.edu/fs_home/dwu/classes/CH353/study/Why%20is%20Water%20Blue.pdf,http://www.physicstoday.org/resource/1/phtoad/v64/i4/p44_s1?isAuthorized=no,,,
The Vomitorium,Not a room Romans used during Bacchanalian binges but the name for the entrance to a stadium. Vomiting was not a regular part of Roman dining customs.,27,"14,800",,"https://www.google.com/#hl=en&tbo=d&sclient=psy-ab&q=%22the+vomitorium%22+vomiting&oq=%22the+vomitorium%22+vomiting&gs_l=hp.3...623.1558.1.2099.8.8.0.0.0.0.110.680.7j1.8.0.les%3B..0.0...1c.1.wPJU_ODk0j8&pbx=1&bav=on.2,or.r_gc.r_pw.r_cp.r_qf.&bvm=bv.1357700187,d.d2k&fp=c07a51cc249778de&biw=1079&bih=1226",history,"McKeown, J.C. (2010). A Cabinet of Roman Curiosities: Strange Tales and Surprising Facts from the World’s Greatest Empire",http://books.google.co.uk/books?id=YGYwlMZ3ursC&pg=PA153&dq=vomitorium+misconception&hl=en#v=onepage&q=vomitorium%20misconception&f=false,,,,
There is no gravity on the International Space Station,Gravity is everywhere. Earth's gravity is pretty strong on the ISS - NASA says a person who weighs 100lb on earth still weighs 90lb there.,25,"1,540,000",,https://www.google.co.uk/webhp?sourceid=chrome-instant&ion=1&espv=2&ie=UTF-8#q=gravity+international+space+station,science,NASA,http://www.nasa.gov/audience/forstudents/k-4/stories/nasa-knows/what-is-microgravity-k4.html,,,,
"Thomas Crapper invented ""crap""",Actually it's Latin for chaff. ,5,"40,400",y,"https://www.google.co.uk/search?q=%22pilgrims%22+wore+all+black&hl=en&tbo=d&source=lnms&sa=X&ei=283zUMiULcel0AXMg4DYCw&ved=0CAkQ_AUoAA&biw=1375&bih=700#hl=en&tbo=d&sclient=psy-ab&q=%22Thomas+Crapper+invented%22+toilet&oq=%22Thomas+Crapper+invented%22+toilet&gs_l=serp.12..0j0i5i30l3.9188.10699.40.12297.7.7.0.0.0.1.324.1655.1j1j2j3.7.0.les%3B..0.0...1c.1.PagGDe0gTx4&pbx=1&bav=on.2,or.r_gc.r_pw.r_cp.r_qf.&bvm=bv.1357700187,d.d2k&fp=5d9affffb17376ff&biw=1375&bih=656",Etymology,Online Etymology Dictionary,http://www.etymonline.com/index.php?term=crap,,,,
Three Wise Men visited Jesus,"Nowhere in the Bible does it specify this. A mash up of Matthew 2 and Isaiah 60:1–3: ""The wise men visited Jesus as a child, in a house"".",28,"1,250,000","""Three wise men"" in Bible",,religion,Snopes,http://www.snopes.com/holidays/christmas/3wisemen.asp,http://en.wikipedia.org/wiki/Geza_Vermes,,,
Tongue-rolling is genetic,A famous 1940 paper claimed tongue rolling was at least partially genetic. Another famous 1975 paper refuted this. The debate still hasn't been settled.,24,"60,600",,https://www.google.co.uk/webhp?sourceid=chrome-instant&ion=1&espv=2&ie=UTF-8#q=tongue+rolling+genetic,body,The Journal of Heredity,http://jhered.oxfordjournals.org/content/66/3/179.extract,,,,
US Constitution written on hemp,"Written on parchment, despite the best efforts of stoner revisionists to convince you otherwise. ",14,"417,000",,"https://www.google.co.uk/search?q=%22pilgrims%22+wore+all+black&hl=en&tbo=d&source=lnms&sa=X&ei=283zUMiULcel0AXMg4DYCw&ved=0CAkQ_AUoAA&biw=1375&bih=700#hl=en&sugexp=les%3B&gs_rn=1&gs_ri=serp&tok=JMsZcZZ3e4AlhU50k5bkMw&pq=%22us%20constitution%22%20hemp&cp=24&gs_id=9c&xhr=t&q=us+constitution+hemp+paper&pf=p&tbo=d&sclient=psy-ab&oq=%22US+constitution%22+hemp+p&gs_l=&pbx=1&bav=on.2,or.r_gc.r_pw.r_cp.r_qf.&bvm=bv.1357700187,d.d2k&fp=5d9affffb17376ff&biw=1375&bih=700",history,Library of Congress (Quoted),http://philosophy.thecastsite.com/writings/davis3.html#7,,,,
Vaccines causes autism,Fraudulent research that's been shown as manipulated.,7,"213,000","""vaccines and autism""",,brain,BMJ,http://www.bmj.com/content/342/bmj.c7452.full,,,,
Vegetarians can't get enough protein,"Protein in eggs, beans, vegetables is easily enough. Vegans need B-12 supplements though.",13,"215,000","y, ""vegetarians"" can't get enough protein",https://www.google.co.uk/search?hl=en&safe=off&tbo=d&biw=1375&bih=700&q=%22vegetarians%22+can%27t+get+enough+protein&oq=%22vegetarians%22+can%27t+get+enough+protein&gs_l=serp.3..0i30j0i5i30j0i8i30l2.7823.16374.0.17002.21.17.4.0.0.0.186.1579.13j4.17.0.les%3B..0.0...1c.1.2p7PCAixAco,health,"Today's Dietician, Physician's Committee for Responsible Medicine, American Council on Exercise",http://www.todaysdietitian.com/newarchives/082510p20.shtml,http://www.pcrm.org/health/diets/vegdiets/how-can-i-get-enough-protein-the-protein-myth,http://www.acefitness.org/blog/86/are-vegetarian-diets-safe/,,
Viking's Horned Helmets,Created by a costume designer for a 19th century Wagner opera.,11,"36,800",,"https://www.google.com/#hl=en&tbo=d&sclient=psy-ab&q=vikings+%22horned+helmets%22&oq=vikings+%22horned+helmets%22&gs_l=hp.3..0i10i30j0i30j0i5i30j0i8i30.2223.2223.5.2413.1.1.0.0.0.0.82.82.1.1.0.les%3B..0.0...1c.1.mR4cUoIqW3Q&pbx=1&bav=on.2,or.r_gc.r_pw.r_cp.r_qf.&bvm=bv.1357700187,d.d2k&fp=c07a51cc249778de&biw=1079&bih=1226",history,"Frank, Roberta. The Invention of the Viking Horned Helmet",http://www.scribd.com/doc/51267328/Frank-Invention-of-Horned-Helmet,,,,
Waking sleepwalkers is dangerous,"No, but they'll be really confused. Sleepwalkers are more likely to hurt themselves if they're not awoken. ",17,"941,000",y,"https://www.google.co.uk/search?q=%22pilgrims%22+wore+all+black&hl=en&tbo=d&source=lnms&sa=X&ei=283zUMiULcel0AXMg4DYCw&ved=0CAkQ_AUoAA&biw=1375&bih=700#hl=en&sugexp=les%3B&gs_rn=1&gs_ri=serp&tok=JMsZcZZ3e4AlhU50k5bkMw&pq=%22waking%20sleepwalker%22%20dangerous&cp=19&gs_id=4hp&xhr=t&q=waking+sleepwalker+dangerous&pf=p&tbo=d&sclient=psy-ab&oq=%22waking+sleepwalker+dangerous&gs_l=&pbx=1&bav=on.2,or.r_gc.r_pw.r_cp.r_qf.&bvm=bv.1357700187,d.d2k&fp=5d9affffb17376ff&biw=1375&bih=700&bs=1",health,"MedicineNet, National Sleep Foundation",http://www.medicinenet.com/sleepwalking/article.htm,http://www.sleepfoundation.org/article/sleep-related-problems/sleepwalking,,,
Washington's wooden teeth,"A much more hygenic mix of gold, ivory, lead and horse and donkey teeth. No wood. ",16,"41,400",y,"https://www.google.co.uk/search?q=%22pilgrims%22+wore+all+black&hl=en&tbo=d&source=lnms&sa=X&ei=283zUMiULcel0AXMg4DYCw&ved=0CAkQ_AUoAA&biw=1375&bih=700#hl=en&tbo=d&sclient=psy-ab&q=%22Washingtons+wooden+teeth%22&oq=%22Washingtons+wooden+teeth%22&gs_l=serp.3..0i10i30j0i13i30l2j0i13i5i30.45268.54364.2.54831.25.23.0.0.0.0.247.2913.11j9j3.23.0.les%3B..0.0...1c.1.cJ8UrOMeAac&pbx=1&bav=on.2,or.r_gc.r_pw.r_cp.r_qf.&bvm=bv.1357700187,d.d2k&fp=5d9affffb17376ff&biw=1375&bih=700",history,MSNBC/Smithsonian,http://www.msnbc.msn.com/id/6875436/ns/technology_and_science-science/t/george-washingtons-false-teeth-not-wooden/,,,,
Water conducts electricity,"Water itself is actually an insulator. It's also a great solvent. The substances it dissolves (salt etc.) contain ions, which do conduct electricity.",23,"28,400,000",,https://www.google.co.uk/webhp?sourceid=chrome-instant&ion=1&espv=2&ie=UTF-8#q=water+conductivity,science,The USGS Water Science School,http://water.usgs.gov/edu/electrical-conductivity.html,,,,
We have 5 senses,"We actually have close to 20 including balance, pain, movement, hunger, thirst, etc.",13,"507,000",,"https://www.google.co.uk/webhp?source=search_app#hl=en&tbo=d&sclient=psy-ab&q=%225+senses%22+of+the+body&oq=%225+senses%22+of+the+body&gs_l=hp.3..0l2j0i30l2.760.4568.17.4994.12.12.0.0.0.1.299.1822.4j4j4.12.0.les%3B..0.0...1c.1.DTTHJt33ups&pbx=1&bav=on.2,or.r_gc.r_pw.r_cp.r_qf.&bvm=bv.1357700187,d.d2k&fp=5d9affffb17376ff&biw=1375&bih=700",science,"Discovery Health, Harvard",http://tlc.howstuffworks.com/family/question242.htm,http://hms.harvard.edu/content/extra-sensory-perceptions,,,
We only use 10% of our brains,"Metaphor that's been misunderstood; not all neurons are always firing, but inactive cells are still important.",16,"123,000","""10% of our brain""",,brain,Skeptical Inquirer,http://www.csicop.org/si/show/the_ten-percent_myth/,,,,
You can get high from banana peel,"A hoax, perpetuated through the Internet. ",6,"3,390,000",,"https://www.google.com/search?q=salt+make+water+boil&oq=salt+make+water+boil&sourceid=chrome&ie=UTF-8#hl=en&tbo=d&sclient=psy-ab&q=high+banana+peel&oq=high+banana+peel&gs_l=serp.3..0j0i5i10i30j0i5i30l2.13190.16157.2.16302.20.17.2.1.1.1.217.2191.4j12j1.17.0.les%3B..0.0...1c.1.5-pSPNx33_Y&pbx=1&bav=on.2,or.r_gc.r_pw.r_cp.r_qf.&bvm=bv.1357700187,d.d2k&fp=c07a51cc249778de&biw=1023&bih=1215",drugs,"NY Times, Straight Dope",http://eastvillage.thelocal.nytimes.com/2012/02/18/anatomy-of-the-great-banana-smoking-hoax-of-1967/,http://www.straightdope.com/columns/read/2389/will-smoking-banana-peels-get-you-high,,,
You have to say if you're a cop,US Police working entrapment law do not have to identify themselves. A hollywood-induced myth. ,14,"436,000",,"https://www.google.co.uk/search?q=%22pilgrims%22+wore+all+black&hl=en&tbo=d&source=lnms&sa=X&ei=283zUMiULcel0AXMg4DYCw&ved=0CAkQ_AUoAA&biw=1375&bih=700#hl=en&tbo=d&sclient=psy-ab&q=%22undercover+cop%22+identify+themselves&oq=%22undercover+cop%22+identify+themselves&gs_l=serp.3...200950.247092.27.247228.39.37.2.0.0.0.466.6180.3j27j4j1j2.37.0.les%3B..0.0...1c.1.9m1E--mASRw&pbx=1&bav=on.2,or.r_gc.r_pw.r_cp.r_qf.&bvm=bv.1357700187,d.d2k&fp=5d9affffb17376ff&biw=1375&bih=700",Law,"National Criminal Justice Review, Law Blog, Snopes",https://www.ncjrs.gov/App/publications/Abstract.aspx?id=141835,http://www.snopes.com/risque/hookers/cop.asp,http://lawblog.legalmatch.com/2010/06/03/are-you-a-cop-debunking-the-entrapment-myth/,,
Birth order has an effect on personality ,"Birth order has a minor effect on intelligence, but not on personality traits.",13,"2,270,000",,https://www.google.co.uk/webhp?sourceid=chrome-instant&ion=1&espv=2&ie=UTF-8#q=birth%20order%20personality,science,Mainz and Leipzig universities,https://www.uni-mainz.de/presse/19669_ENG_HTML.php,,,,
Using your cellphone on a plane is dangerous,Handheld devices have no impact on planes' communication & navigation equipment.,11,"629,000",,https://www.google.co.uk/webhp?sourceid=chrome-instant&ion=1&espv=2&ie=UTF-8#q=cell+phones+on+planes,science,Forbes,http://www.forbes.com/sites/marcwebertobias/2014/12/05/how-you-can-use-your-cell-phone-on-airplanes-when-you-travel/#59994f61778c,,,,
Cellphones at gas stations could trigger explosions,Scientific testing has discovered no link between cellphones and gas station explosions. ,12,"1,150,000",,https://www.google.co.uk/webhp?sourceid=chrome-instant&ion=1&espv=2&ie=UTF-8#q=cell+phones+gas+stations,science,Federal Communications Commission,https://www.fcc.gov/consumers/guides/wireless-devices-gas-stations,,,,
Your eyes will pop out if you sneeze with them open,There is no mechanism that would allow a sneeze to push your eyeballs out.,14,"95,300",,https://www.google.co.uk/webhp?sourceid=chrome-instant&ion=1&espv=2&ie=UTF-8#q=eyes+pop+out+sneeze,science,Penn State,https://sites.psu.edu/siowfa15/2015/09/12/the-eye-popping-truth-about-sneezing/,,,,
Killer brace position,The brace position really is your best chance at surviving an air crash. ,13,"90,800",,https://www.google.co.uk/webhp?sourceid=chrome-instant&ion=1&espv=2&ie=UTF-8#q=killer+brace+position,science,Telegraph,http://www.telegraph.co.uk/travel/news/Does-the-brace-position-save-lives/,,,,
Pre-workout stretching,Won't stop you from aching later & could actually make your workout less effective,14,"183,000","""pre-workout stretching""",https://www.google.co.uk/search?q=%22pre-workout+stretching%22&oq=%22pre-workout+stretching%22&aqs=chrome..69i57j0l5.4934j0j7&sourceid=chrome&ie=UTF-8,body,Cochrane Review,http://onlinelibrary.wiley.com/store/10.1002/14651858.CD004577.pub3/asset/CD004577.pdf?v=1&t=iwfa62lb&s=36c8817a325f21c8aed2850f51f15471727f31e6,http://onlinelibrary.wiley.com/doi/10.1111/j.1600-0838.2012.01444.x/full,,,
Drink 8 glasses of water daily,Drinking that much doesn’t make healthy people any healthier.,9,"447,000","""8 glasses of water""",https://www.google.co.uk/search?q=%22stretching+before+exercise%22&oq=%22stretching+before+exercise%22&aqs=chrome..69i57j0l5.7406j0j7&sourceid=chrome&ie=UTF-8#q=%228+glasses+of+water%22&*,body,"British Journal of Nutrition, Clinical Dermatology, Nephrology Dialysis Transplantation",https://academic.oup.com/ndt/article/29/7/1377/1843525/Fluid-intake-and-all-cause-mortality,https://www.ncbi.nlm.nih.gov/pubmed/20620753,https://www.ncbi.nlm.nih.gov/pubmed/20456812,,
Can't refreeze raw meat,It's fine as long as it was thawed in the fridge,11,"220,000",,https://www.google.com/search?q=can+you+refreeze+meat&oq=can+you+refreeze+meat&aqs=chrome..69i57j0l5.2871j0j7&sourceid=chrome&ie=UTF-8,food,USDA,http://www.usda.gov/wps/portal/usda/usdahome?parentnav=FAQS_BYTOPIC&FAQ_NAVIGATION_ID=FOOD_FQ&FAQ_NAVIGATION_TYPE=FAQS_BYTOPIC&contentid=faqdetail-16.xml&edeployment_action=retrievecontent,,,,
Waving your phone in the air gets you a better signal,"Does not improve your phone signal. In fact it makes it worse, and makes you look like an idiot.",19,,,,science,The Verge,https://www.theverge.com/circuitbreaker/2017/12/24/16812250/cellphone-reception-iphone-improve-tricks-hacks-raising-arms,,,,
